x_position,y_position
196,517
196,524
193,531
192,538
191,546
190,555
190,563
189,571
189,577
188,583
188,587
186,591
186,597
185,602
185,608
183,614
183,620
183,626
183,632
183,638
184,643
184,647
185,650
185,654
186,657
187,660
188,662
189,664
191,666
192,666
194,668
195,668
197,668
199,668
201,668
203,667
205,667
207,665
210,664
211,662
213,660
215,657
218,654
220,650
221,646
223,641
225,635
227,627
228,620
230,612
233,603
235,594
237,585
238,575
239,567
240,558
241,551
241,542
242,534
244,526
245,519
247,511
248,504
249,497
251,491
252,485
254,479
256,474
257,469
259,464
260,460
262,456
264,452
265,448
266,445
268,443
269,441
271,438
272,437
273,435
275,435
276,434
278,434
279,434
281,434
282,435
284,436
286,438
288,440
290,442
291,444
293,447
295,450
297,454
298,458
300,462
301,466
303,471
305,476
307,482
308,488
310,494
312,502
313,508
315,516
317,523
318,531
320,539
322,548
323,557
326,567
327,575
330,583
332,590
332,597
333,604
333,610
333,617
334,623
334,629
334,635
333,640
332,645
331,650
329,654
328,657
326,660
324,662
322,664
320,665
318,666
316,667
313,667
311,667
308,667
305,666
302,664
300,662
298,661
295,659
292,657
289,654
287,649
285,645
282,640
280,634
277,627
274,620
271,611
268,604
265,595
262,586
261,577
259,567
258,557
256,549
254,541
251,533
249,525
247,518
245,511
243,505
242,499
240,493
238,487
236,482
234,477
232,472
231,468
229,464
228,460
226,457
224,454
223,451
221,448
220,446
218,444
216,443
215,442
213,441
212,440
210,440
209,440
207,440
205,440
204,442
202,443
201,445
199,447
197,449
196,452
195,455
193,458
191,462
189,466
188,471
186,476
185,481
183,487
182,493
180,499
179,507
177,514
176,522
174,530
173,538
170,546
169,553
168,559
167,566
166,573
166,580
167,586
168,590
161,597
160,603
160,610
162,616
162,622
163,628
163,633
165,638
166,641
168,646
170,649
172,653
173,656
175,658
177,661
179,663
182,665
185,666
187,668
190,668
193,669
196,669
198,668
201,668
203,667
206,666
208,665
211,662
212,660
215,657
217,654
218,650
220,646
222,641
223,636
224,630
227,622
228,615
229,607
231,599
232,590
235,580
235,571
236,562
236,554
237,547
237,539
239,530
240,524
241,516
243,509
244,503
245,496
247,490
248,484
249,479
250,474
251,469
252,465
254,461
255,457
256,453
258,451
259,448
261,445
262,444
263,442
264,441
266,440
267,439
268,439
269,439
271,440
272,441
273,442
274,443
276,445
277,448
279,451
280,454
281,457
283,461
284,465
285,469
287,474
288,479
289,484
291,490
292,496
294,502
296,509
297,516
299,524
301,532
302,540
304,549
305,558
306,567
309,576
310,584
311,590
312,596
312,603
313,609
312,615
313,621
313,627
314,633
315,638
314,642
313,647
313,651
313,654
312,657
311,660
310,663
309,665
307,666
306,667
304,668
303,668
300,668
298,668
297,667
295,666
293,665
290,663
289,661
286,659
285,656
283,653
281,648
278,643
276,637
274,631
271,624
269,617
267,609
264,600
261,590
260,581
259,571
257,562
257,552
253,544
252,536
250,528
248,521
247,514
245,507
243,501
242,495
240,489
238,484
236,478
235,474
234,470
232,465
231,462
229,458
228,455
226,453
225,449
224,448
222,446
222,444
220,443
219,442
217,442
216,442
216,441
214,442
213,443
212,443
210,445
209,447
208,449
207,451
206,454
204,457
203,460
202,463
201,467
200,472
199,477
198,482
196,487
196,493
195,499
194,506
192,513
191,521
190,527
188,535
187,543
187,552
186,561
185,570
184,577
185,583
185,589
185,597
183,602
182,608
181,614
180,620
180,626
179,631
179,637
180,641
181,645
180,649
182,652
183,655
184,658
186,660
188,662
189,663
191,665
193,666
195,666
197,666
199,666
202,666
204,665
206,664
208,663
210,661
212,659
214,657
216,654
218,650
219,646
223,641
224,636
225,629
228,622
229,616
231,608
236,600
239,592
240,582
240,571
240,562
241,554
241,545
243,537
244,529
245,522
247,514
248,507
249,499
251,493
252,487
254,480
255,475
257,470
258,464
259,460
261,456
263,452
264,448
265,445
267,442
268,439
270,437
272,436
273,434
274,432
276,431
278,430
279,430
281,430
282,431
284,432
285,433
287,434
289,436
291,438
292,442
294,444
295,448
297,451
299,456
300,460
302,464
304,470
305,475
306,480
308,486
310,493
311,500
314,507
316,515
318,522
320,529
321,538
323,546
325,554
328,563
329,570
329,576
330,583
330,589
331,596
331,602
332,609
332,616
331,621
330,627
330,632
329,638
328,643
326,647
325,652
323,656
321,659
319,662
317,665
315,666
313,668
311,669
309,669
307,670
304,669
302,669
300,668
298,666
295,665
293,662
290,660
288,656
285,653
282,648
280,643
277,637
275,630
272,622
270,614
268,606
266,596
261,587
259,577
258,567
256,558
256,550
254,541
251,534
250,526
248,519
247,513
245,506
244,500
243,494
241,488
240,483
238,478
237,473
236,469
234,465
233,460
232,457
230,454
229,451
228,448
226,446
225,444
224,442
223,440
222,439
220,438
219,438
218,438
216,438
214,438
213,439
212,440
210,442
209,444
208,446
207,449
205,452
204,455
202,459
201,463
200,467
198,472
198,477
196,482
195,488
194,494
193,500
191,508
189,515
188,522
187,531
186,538
185,544
183,552
182,559
182,565
183,570
183,576
182,583
182,587
182,594
181,599
181,605
182,611
183,617
183,621
183,626
184,632
183,636
184,641
186,645
187,649
188,653
190,656
192,658
193,661
196,664
198,665
199,667
202,667
203,668
205,668
207,668
209,668
211,667
213,666
214,665
216,663
218,660
220,658
221,655
224,651
225,646
226,640
228,634
230,628
232,620
234,613
236,604
239,595
239,585
241,576
242,567
242,559
243,550
243,542
245,534
246,527
247,519
249,513
250,506
251,499
253,493
254,488
256,483
258,477
259,473
260,468
262,464
263,460
265,457
266,454
268,451
269,449
270,447
272,446
273,444
275,443
276,443
278,442
279,442
281,443
282,444
284,445
286,446
288,448
290,451
290,453
293,456
294,459
296,463
297,467
299,471
300,475
302,480
304,486
305,491
307,497
309,504
311,511
313,518
314,525
316,533
318,541
319,549
322,558
324,567
325,575
325,582
326,589
328,595
327,601
328,607
327,615
328,620
326,627
326,633
326,639
326,643
325,648
324,653
324,657
322,660
320,664
319,667
318,669
316,671
314,672
312,673
310,673
308,672
306,672
303,671
301,670
299,668
296,666
294,664
291,660
289,657
286,653
284,647
282,641
280,634
277,626
274,617
272,608
269,598
266,588
264,578
263,568
261,559
259,549
257,541
255,533
253,524
251,516
249,509
247,502
245,495
243,489
242,483
240,477
238,471
236,466
234,461
233,457
231,453
229,449
228,446
226,443
225,439
224,437
222,435
220,433
218,431
217,430
215,429
214,428
212,428
211,428
210,428
208,429
207,429
205,430
204,432
202,433
201,436
199,438
198,441
196,444
195,447
194,451
192,455
191,460
189,465
188,470
186,475
185,481
184,487
182,494
181,500
179,509
178,516
177,524
176,531
176,537
176,544
175,550
175,555
174,563
174,569
173,574
172,580
173,586
173,593
173,599
173,604
174,611
175,616
177,621
178,626
179,630
181,635
183,639
185,642
186,646
188,648
190,651
193,653
195,655
197,656
200,657
202,658
204,658
206,658
209,657
211,656
212,654
214,652
217,651
218,647
221,644
222,639
223,635
225,630
227,624
230,616
231,609
232,601
237,593
238,585
240,575
240,565
239,556
239,548
240,539
241,531
243,523
244,515
245,508
246,501
248,494
249,488
250,483
251,477
252,471
253,466
255,462
257,458
258,454
259,450
260,447
262,444
263,442
265,439
265,438
267,436
268,435
269,434
270,433
271,433
273,433
274,434
275,434
276,435
277,437
279,439
280,441
283,444
284,448
285,450
287,454
288,458
290,462
291,467
292,472
294,477
294,483
296,489
298,495
299,502
301,509
303,517
304,524
306,532
307,540
309,548
311,558
312,567
312,573
314,580
315,587
316,593
316,600
316,606
315,613
315,620
316,626
316,632
317,637
316,643
316,647
316,651
316,655
315,659
314,662
313,665
312,667
310,669
309,670
307,671
305,671
303,671
301,671
299,671
297,670
295,668
292,666
290,664
288,662
285,658
283,655
280,650
278,645
276,640
273,634
271,627
268,618
265,610
261,600
258,591
256,581
255,572
253,562
251,554
249,545
247,537
244,529
242,522
240,515
238,508
236,501
234,495
232,490
230,484
228,479
226,474
225,469
223,465
221,461
220,458
218,454
216,451
215,449
213,446
211,444
209,442
208,441
206,440
205,439
203,439
202,439
200,439
198,439
197,440
195,442
193,444
192,446
190,448
189,450
187,453
185,457
184,461
182,465
181,469
179,475
177,479
176,485
174,491
173,497
171,505
169,512
167,520
167,527
165,535
164,543
163,549
160,556
160,564
160,569
161,575
160,581
160,587
159,593
159,600
160,607
159,612
160,619
161,625
162,631
164,636
165,641
166,646
168,651
169,655
171,659
173,662
175,665
177,668
179,670
182,672
184,673
187,674
189,675
192,675
195,675
197,675
200,674
203,673
205,671
207,670
210,668
212,665
214,662
216,659
218,655
219,650
220,646
222,639
224,632
226,624
228,617
231,608
233,598
234,588
237,579
237,569
237,561
238,551
239,541
240,533
242,525
244,516
245,509
247,502
248,495
250,488
251,482
253,476
254,470
256,465
258,460
259,456
261,451
263,447
264,443
266,440
267,437
269,434
271,432
272,430
274,429
276,427
277,427
279,426
280,426
282,427
284,427
286,428
288,429
289,431
292,433
293,435
294,438
296,441
298,445
300,449
302,453
304,458
306,463
308,469
310,474
311,480
313,487
315,494
317,502
318,510
320,518
323,526
325,535
326,543
328,551
330,560
332,568
334,575
334,582
335,589
335,597
335,604
335,611
336,618
335,625
335,632
334,638
333,643
332,648
330,652
329,656
326,659
324,662
322,664
320,666
318,668
315,669
313,670
310,671
307,671
304,671
301,670
298,670
296,669
293,667
290,665
287,662
284,660
282,656
280,651
277,646
275,640
271,634
269,627
266,617
263,609
260,600
258,589
255,581
254,572
252,563
250,554
247,546
245,538
243,531
241,524
239,518
237,511
235,506
233,500
231,495
229,490
227,485
225,481
223,477
221,474
220,471
218,468
216,465
214,463
213,461
211,459
210,458
208,457
207,457
205,456
203,456
202,457
201,457
198,458
197,459
196,461
194,463
192,465
191,468
189,471
188,475
186,478
184,482
183,486
182,491
180,496
178,502
177,509
175,515
173,521
172,528
170,534
170,542
169,548
167,556
166,564
164,569
163,574
161,578
160,583
159,588
159,593
159,598
158,603
159,608
159,614
159,619
160,625
161,631
162,637
164,642
166,646
168,650
170,654
172,657
174,659
176,661
178,663
181,664
184,665
186,665
189,666
191,666
194,666
197,665
201,665
203,664
206,662
208,660
211,658
213,655
214,652
217,648
218,643
221,638
223,633
225,627
226,619
229,612
232,604
236,594
237,584
239,574
240,564
240,556
241,547
241,547
242,539
243,530
245,522
246,514
248,506
250,499
251,492
252,485
254,479
256,473
258,467
259,463
261,458
262,453
264,449
265,445
267,441
268,438
270,435
271,432
273,431
275,429
276,427
278,426
279,425
280,425
282,424
283,424
285,425
286,426
288,427
290,429
291,431
293,433
294,435
296,438
297,441
298,444
300,448
302,452
303,456
305,461
306,466
308,471
309,477
310,483
312,489
314,495
315,503
316,509
319,517
320,524
321,532
322,539
324,548
326,555
328,564
330,570
330,577
330,582
332,589
332,596
333,602
332,609
333,616
332,623
332,630
331,636
330,643
329,648
327,654
325,658
324,663
321,668
320,671
317,673
315,676
312,677
310,678
307,678
304,678
301,677
298,676
295,674
292,671
289,668
286,665
284,661
280,656
279,651
275,646
272,639
270,631
267,623
265,614
262,606
259,596
256,585
250,578
249,567
249,559
248,550
248,541
246,533
244,525
242,518
241,511
239,505
238,498
236,492
234,486
232,481
231,475
229,471
228,466
226,462
225,458
223,455
222,452
221,449
219,447
218,445
216,443
215,442
214,440
212,440
211,439
210,439
208,440
207,440
206,441
204,442
203,443
202,445
200,447
199,450
198,452
197,455
196,459
195,463
194,467
192,471
191,476
190,481
189,486
188,492
187,497
185,504
184,511
184,518
182,525
180,532
179,540
180,547
179,554
179,560
180,566
179,572
178,578
178,585
177,590
177,597
176,603
174,608
174,614
174,620
175,625
175,630
176,634
177,639
179,642
180,646
181,649
183,652
184,654
186,657
187,658
189,660
191,661
193,662
195,662
197,662
199,662
201,661
204,659
205,657
208,654
210,652
211,648
213,644
215,639
217,634
221,628
222,621
224,614
226,607
229,599
231,590
231,581
233,571
234,561
234,552
234,544
235,535
235,527
236,519
238,511
239,503
240,497
242,490
243,484
244,477
246,472
247,467
248,462
249,457
251,453
252,449
254,445
255,441
256,439
257,436
258,434
260,432
261,431
262,430
264,429
265,428
266,428
268,428
269,428
271,429
272,430
274,432
275,434
277,436
278,438
280,441
282,445
283,448
284,452
285,456
287,460
288,465
290,470
291,475
293,481
294,487
296,494
297,500
299,507
300,514
303,522
303,530
305,539
307,547
308,555
310,565
312,573
313,582
314,588
314,596
315,604
316,611
318,618
318,625
319,632
318,637
318,644
317,649
317,654
315,659
314,663
313,666
312,669
311,672
308,674
306,675
304,676
303,677
301,678
299,678
297,677
294,676
291,674
290,672
287,669
285,667
282,664
281,660
278,655
275,650
273,645
270,638
269,630
267,622
264,613
260,604
257,595
253,588
251,577
250,566
249,556
250,547
248,538
246,530
244,522
243,515
240,507
239,501
237,494
236,487
234,482
232,476
230,470
229,465
228,460
226,456
225,452
223,448
222,445
221,442
220,438
218,436
216,434
215,432
214,431
212,430
211,429
210,429
209,429
207,429
206,429
205,430
204,431
202,433
201,435
200,437
198,439
197,442
196,445
195,448
194,452
192,456
191,461
190,466
189,471
188,476
186,482
185,489
184,496
184,503
183,510
180,520
179,527
178,534
177,543
176,551
175,559
175,565
176,571
177,577
177,583
176,588
175,594
175,601
174,607
174,614
174,620
174,626
175,631
175,636
176,641
177,645
179,649
181,652
180,656
182,658
183,661
185,664
186,665
188,667
190,668
192,670
194,671
196,671
198,671
200,671
202,671
204,670
207,668
208,667
210,665
212,662
214,658
215,655
217,651
219,646
220,639
221,634
224,626
226,618
228,610
231,601
232,592
234,582
234,571
234,563
236,553
237,545
238,535
240,527
242,520
243,512
245,505
246,498
248,491
249,485
251,479
253,473
254,468
256,463
258,459
259,455
261,451
263,447
264,443
266,441
267,438
269,435
270,434
272,432
274,431
275,430
277,430
279,430
281,430
282,430
284,431
285,433
287,435
289,436
291,439
293,441
294,444
296,448
298,452
300,456
301,461
304,466
305,471
306,476
309,482
311,488
312,495
315,502
316,511
318,518
320,526
322,534
324,541
326,549
329,558
329,565
331,573
332,580
331,588
332,594
333,602
333,608
333,615
333,622
331,628
331,634
330,640
328,646
326,651
325,655
323,660
321,664
319,667
316,670
314,672
311,674
309,675
306,676
302,676
300,677
297,676
294,676
291,674
288,672
285,671
283,669
281,666
278,663
276,659
272,655
270,651
268,646
265,639
263,632
260,625
258,616
256,606
254,598
249,587
248,577
246,567
246,557
244,548
243,538
241,530
239,521
237,514
236,507
234,499
233,493
231,485
229,479
228,473
227,467
225,462
224,457
222,452
221,448
221,444
220,440
219,436
217,434
216,431
215,428
214,426
213,424
212,423
211,421
210,421
209,420
208,420
207,420
206,421
205,421
203,422
203,424
201,426
201,427
200,430
198,433
197,436
196,439
195,444
194,448
193,453
192,458
191,463
190,469
189,475
188,482
187,489
186,496
185,504
183,513
182,521
182,529
181,537
180,546
179,553
179,559
179,566
179,571
179,578
178,584
177,590
177,597
177,604
177,610
178,616
178,624
179,628
179,634
180,639
180,644
181,647
182,651
184,655
185,658
187,660
188,663
190,664
192,666
193,667
195,668
197,669
199,669
201,669
203,668
205,667
207,666
209,665
211,662
212,660
213,657
215,653
216,650
217,645
219,640
221,634
221,627
223,619
225,611
227,602
231,594
231,584
232,573
232,565
232,556
233,549
233,540
235,532
236,524
237,516
238,509
240,502
241,496
242,489
244,484
245,478
246,473
247,468
249,463
250,459
251,455
253,451
254,448
255,445
257,443
258,441
259,438
260,437
261,436
263,436
264,435
266,435
267,436
268,436
270,437
272,439
273,440
275,442
277,445
278,448
279,451
281,454
282,459
284,463
285,468
287,473
288,478
290,483
291,489
293,496
294,502
296,510
298,517
300,525
302,532
303,540
305,548
305,557
306,566
308,573
308,580
310,588
310,595
311,601
313,609
313,615
314,622
315,627
316,634
316,641
317,647
317,653
318,658
316,663
315,666
314,669
314,672
313,674
311,675
309,677
308,678
307,678
305,679
303,679
301,679
299,678
297,677
295,676
293,675
291,673
289,671
287,668
285,664
282,659
280,655
279,649
276,642
273,635
270,626
268,617
266,608
263,598
260,589
260,578
259,568
256,558
254,549
252,541
251,533
249,525
246,518
245,511
243,504
241,497
239,491
237,485
236,479
234,474
233,470
231,465
229,460
228,456
226,453
225,449
224,446
222,443
221,441
219,439
217,438
216,437
215,435
214,435
212,435
211,435
210,435
208,435
206,437
205,438
204,440
202,442
201,444
199,447
198,450
197,454
195,457
194,462
192,466
191,471
190,476
189,482
187,488
186,494
184,501
183,509
181,516
180,524
179,531
178,541
177,548
178,556
177,560
175,568
174,574
172,581
172,588
168,593
167,600
167,606
167,612
167,619
168,625
169,631
169,636
170,640
170,645
171,649
172,653
174,657
175,660
176,664
178,666
179,669
181,671
183,673
185,674
188,675
190,676
192,676
195,676
198,676
200,675
202,675
204,673
206,671
208,669
210,667
212,664
214,661
216,657
218,654
218,648
220,642
221,636
223,628
225,620
227,611
228,601
230,591
232,581
232,572
232,564
234,554
235,545
236,536
238,528
240,520
241,512
242,505
244,498
245,491
246,485
248,479
249,474
250,468
252,463
254,459
255,455
256,450
258,447
259,443
261,441
263,438
264,436
266,434
267,433
269,431
270,431
272,430
273,430
275,431
277,431
279,433
280,433
282,435
284,437
285,440
287,443
290,447
291,450
292,454
294,458
296,463
297,467
299,473
301,478
302,484
305,491
307,498
308,505
310,513
312,521
314,529
316,538
318,546
319,555
321,565
323,574
325,584
327,593
328,600
329,607
329,615
329,622
328,629
327,636
327,643
327,649
326,654
326,658
325,662
323,666
321,669
320,672
318,674
317,676
314,678
312,679
309,680
307,681
304,681
302,681
300,681
297,680
294,679
292,678
289,676
287,674
284,672
282,670
280,667
277,663
275,658
272,654
270,648
268,642
266,635
263,626
261,617
259,607
256,597
253,587
251,576
250,566
249,557
247,546
245,537
243,528
241,519
239,512
237,504
236,497
233,489
232,483
229,477
228,471
226,464
224,458
223,453
221,448
220,444
218,439
216,436
215,432
213,429
212,426
210,424
209,422
207,420
206,418
205,417
204,416
202,415
201,415
199,415
198,416
197,417
195,417
194,419
193,421
191,423
190,425
189,429
188,431
186,435
185,439
183,443
182,448
181,453
179,458
178,463
177,470
176,477
174,483
174,490
172,498
170,507
169,515
169,523
168,531
168,538
167,545
167,552
166,560
166,567
165,574
165,580
165,586
165,593
166,600
166,606
166,612
168,618
170,625
171,631
173,636
174,642
176,646
177,651
179,655
181,659
184,661
185,664
187,667
190,669
192,671
194,672
196,673
198,673
200,673
202,673
204,673
207,672
209,670
211,668
212,666
212,666
214,664
215,661
218,658
218,654
220,650
221,644
222,638
223,631
224,624
226,617
227,608
232,600
234,591
234,578
235,569
235,560
235,550
236,540
238,531
240,522
241,513
243,505
244,497
246,490
247,483
248,476
250,469
252,463
253,458
255,452
257,447
258,442
259,438
261,434
262,431
265,427
265,424
267,422
268,419
270,418
272,416
273,415
274,414
276,413
278,413
280,413
281,414
283,415
285,417
287,419
288,420
290,423
291,425
293,428
295,432
296,436
298,440
299,445
302,450
303,455
305,461
306,467
308,473
310,480
312,487
314,495
316,503
318,512
320,520
321,528
323,537
325,545
326,554
328,564
330,573
332,581
333,589
333,596
331,603
333,611
335,619
334,625
335,632
335,639
334,645
333,651
332,656
330,661
329,665
327,669
325,673
323,676
321,678
318,679
316,681
314,682
311,682
309,683
306,682
304,682
301,682
299,681
296,679
294,678
291,675
289,672
287,670
285,666
283,662
281,657
279,652
276,645
275,638
271,629
268,620
266,610
263,600
260,590
259,579
258,568
257,559
255,549
253,539
251,531
249,522
247,514
245,506
243,499
241,492
239,485
238,478
236,472
234,467
232,462
231,457
229,451
228,447
226,443
225,439
223,435
222,432
220,429
219,427
218,426
217,424
215,422
214,421
212,420
211,419
210,419
209,419
207,420
206,420
205,422
203,423
202,425
201,427
200,429
198,433
197,436
196,439
195,444
194,448
192,452
191,457
190,463
189,469
187,475
186,481
185,488
184,495
182,504
181,512
180,519
178,527
178,533
177,539
177,545
179,553
180,560
181,569
178,574
178,581
177,587
176,594
177,601
176,608
177,615
178,621
178,627
179,633
181,638
183,643
184,647
185,651
187,654
189,657
191,660
193,662
195,664
197,665
199,666
201,667
203,668
205,667
207,667
209,666
211,665
213,663
214,661
216,658
217,655
219,651
220,647
222,642
224,637
225,630
227,623
229,616
231,608
233,601
238,593
238,582
239,573
238,564
238,556
237,547
238,538
239,530
242,523
243,516
244,508
245,501
246,495
247,488
249,483
250,478
252,473
253,468
254,463
256,459
257,456
259,453
260,449
261,447
263,445
265,443
266,441
268,440
269,440
270,439
271,438
273,439
275,439
276,440
278,441
279,443
281,445
283,448
284,451
286,453
287,457
289,460
291,465
293,469
294,474
296,479
297,485
299,490
301,497
303,504
304,511
305,518
307,526
309,534
310,542
312,551
314,559
315,568
317,576
319,584
319,591
319,599
321,606
323,614
324,622
325,628
326,636
327,642
327,647
329,653
328,658
328,662
327,666
326,669
324,672
322,675
321,677
319,678
317,679
314,680
312,681
310,681
307,681
305,681
302,680
299,679
296,678
294,677
291,675
289,674
286,671
284,669
281,665
279,661
276,657
274,652
271,646
269,639
267,632
264,624
261,615
257,606
254,597
253,588
251,578
251,568
249,557
248,550
246,541
245,535
243,527
241,521
240,514
238,507
236,501
235,495
233,490
232,485
230,480
229,476
227,471
226,467
224,464
223,461
222,458
220,455
219,453
218,451
216,449
215,447
213,446
212,445
211,445
209,445
208,446
207,446
206,447
204,449
203,450
202,452
201,455
199,457
198,461
197,464
196,467
194,471
193,476
192,481
190,486
189,491
188,497
186,504
185,511
184,518
183,525
181,533
180,541
179,549
176,558
176,565
176,571
176,579
175,585
175,592
173,598
173,604
172,611
172,617
171,623
171,628
171,634
172,639
173,643
174,648
175,652
176,656
178,659
179,662
180,664
182,667
183,670
184,672
186,673
190,674
191,675
193,676
195,676
197,676
199,676
202,675
204,674
206,673
208,671
210,670
212,668
213,665
215,663
216,660
218,656
220,651
221,646
222,640
223,634
225,627
227,619
229,610
234,600
234,591
234,581
235,571
236,561
235,553
236,544
237,535
238,527
240,519
241,511
242,503
244,496
245,489
246,483
247,477
249,471
250,466
251,460
252,456
254,451
255,447
256,443
257,440
259,436
261,434
262,432
263,430
264,429
266,427
267,426
269,426
269,425
271,425
272,425
273,426
275,427
276,429
278,430
279,432
280,435
281,438
284,441
285,445
286,449
288,453
289,458
291,462
292,468
293,474
295,479
296,486
298,492
299,499
301,507
302,515
304,523
306,531
307,540
308,549
310,559
311,569
312,578
314,588
318,596
319,602
319,607
319,613
317,619
318,626
319,633
320,639
320,645
320,651
320,655
320,659
318,662
318,666
317,668
316,671
315,674
313,675
311,676
309,677
307,677
305,678
302,677
300,676
298,675
295,674
292,672
290,670
288,668
285,665
283,662
280,658
278,653
276,647
272,640
270,633
266,625
263,618
260,607
257,597
254,587
252,577
251,568
252,559
249,550
247,542
246,535
244,528
243,520
241,513
239,507
237,500
235,494
234,489
232,484
230,478
229,474
227,470
226,465
225,462
223,458
221,456
220,452
219,450
217,448
216,446
215,445
213,443
212,443
211,442
210,442
208,443
207,443
206,444
205,445
203,447
202,448
201,450
200,453
199,456
197,459
196,462
194,466
194,470
193,475
191,480
190,485
188,491
188,497
186,504
185,511
183,519
182,526
181,532
180,540
179,549
177,558
177,567
176,576
176,584
174,590
173,597
173,604
173,610
173,617
173,623
172,629
173,635
173,640
173,645
174,649
175,654
175,658
177,661
178,665
180,668
181,671
182,673
184,675
186,676
187,677
189,678
191,678
193,678
196,678
198,677
200,677
203,676
205,674
208,673
210,670
212,668
214,665
216,662
218,659
220,655
222,650
223,645
225,638
226,632
229,624
230,616
233,607
236,598
238,588
238,578
240,568
240,560
240,552
242,543
243,535
245,526
246,519
247,511
249,504
250,498
252,491
254,485
255,479
257,474
258,469
260,464
261,460
263,456
264,452
266,449
268,446
269,444
270,441
272,439
274,438
275,437
277,436
278,435
280,435
282,435
284,436
285,437
287,439
289,441
291,443
293,445
295,448
296,451
298,454
299,458
301,462
303,466
305,471
307,476
308,482
310,487
312,493
313,500
315,507
317,514
319,522
321,530
323,538
324,546
326,555
328,564
330,574
332,582
333,591
334,598
335,604
335,609
335,616
334,623
334,630
333,637
332,643
331,648
330,653
329,658
328,662
326,666
324,669
322,671
320,674
318,676
316,678
313,679
310,680
308,681
305,681
302,681
300,681
297,680
295,678
292,677
290,674
287,672
284,669
281,665
279,661
276,657
274,650
271,644
269,636
266,628
263,619
259,611
258,599
253,589
251,581
251,571
251,561
249,553
247,544
245,536
243,528
242,521
240,514
237,507
236,500
234,494
232,488
231,482
229,477
227,472
226,468
224,464
222,460
221,457
220,454
218,451
217,449
216,446
214,444
213,443
211,441
210,441
208,440
207,440
206,440
205,441
203,441
202,443
200,444
199,446
198,448
196,450
195,453
193,457
192,460
191,464
189,468
189,473
187,477
186,482
185,488
183,493
181,499
181,507
180,514
179,521
177,529
176,536
174,543
174,551
173,560
173,568
170,574
168,581
168,586
168,591
168,597
167,603
167,610
167,616
167,622
167,628
168,633
169,639
170,643
171,647
172,651
174,655
176,658
177,661
179,664
181,667
183,669
185,671
187,672
189,673
192,674
195,675
197,674
199,674
202,673
204,672
207,670
209,669
211,666
213,664
215,661
216,658
218,654
219,649
222,643
223,637
225,630
229,622
230,613
232,605
236,596
238,586
238,575
240,565
238,555
238,545
240,536
241,527
242,519
244,510
245,502
246,494
248,487
249,480
251,474
253,467
254,462
256,457
257,451
259,447
260,442
261,437
263,434
265,431
266,428
267,426
269,423
271,421
272,419
273,418
275,418
276,417
278,417
280,417
282,418
283,418
285,419
286,421
288,423
290,425
291,427
293,430
295,433
297,437
298,441
300,446
301,450
303,455
305,460
306,466
308,471
309,478
311,484
313,491
314,499
316,507
318,515
320,524
322,532
323,540
325,549
327,559
329,567
330,575
332,585
331,591
332,598
330,604
333,612
332,620
332,627
331,633
330,640
329,646
328,653
327,658
325,663
324,667
322,671
320,673
318,676
316,678
314,680
311,681
309,683
306,683
304,684
302,683
299,683
297,681
295,679
292,677
290,674
287,671
284,667
282,663
280,658
278,652
275,645
273,638
270,630
267,621
265,612
261,604
260,594
259,585
258,573
258,564
257,554
255,546
254,538
252,531
250,523
249,515
248,509
247,502
245,495
244,490
243,484
242,479
241,474
240,469
239,465
237,461
236,458
235,454
234,451
233,449
233,446
231,444
231,442
230,441
229,440
227,439
227,439
226,439
225,439
224,440
223,440
222,441
222,443
221,445
220,447
219,450
218,453
217,457
216,461
215,465
214,469
213,474
212,479
211,484
211,490
210,496
208,503
208,510
207,517
205,525
204,534
204,541
203,550
203,558
202,564
201,571
200,576
199,583
198,589
196,594
195,600
195,607
193,612
192,619
192,625
191,632
192,637
191,642
192,648
192,652
192,652
192,656
193,660
194,664
195,667
196,669
197,672
198,673
199,675
201,676
202,677
204,677
206,678
208,677
209,677
211,676
213,674
215,673
216,671
218,668
220,665
221,662
223,658
225,653
226,647
227,641
229,635
231,627
233,618
236,609
238,600
241,592
242,582
243,573
243,565
243,556
245,547
246,539
248,532
249,524
251,518
252,511
254,505
255,499
257,493
259,488
260,482
261,478
263,473
265,470
266,466
268,462
270,460
271,458
273,455
275,453
277,452
278,451
280,450
281,450
283,450
285,450
287,450
289,452
290,453
291,454
293,456
296,459
297,462
299,465
300,468
302,472
304,476
306,481
308,486
309,491
311,497
313,504
315,510
317,517
319,523
321,529
323,537
325,544
327,553
328,561
330,570
331,579
334,589
336,597
337,604
338,611
337,617
337,624
337,630
337,637
337,643
336,649
335,655
335,660
333,665
332,669
331,673
330,676
328,680
327,682
325,683
323,685
321,686
319,686
317,686
315,686
312,686
309,685
307,684
304,683
301,681
299,679
296,677
293,674
291,671
288,667
285,662
283,656
280,649
277,642
274,634
272,626
268,616
265,606
263,595
260,585
258,575
258,566
255,557
252,548
250,540
248,532
245,524
243,517
241,510
239,503
237,497
235,492
233,486
231,481
230,476
228,471
226,466
225,463
223,459
221,456
220,452
218,450
216,447
215,445
213,443
211,442
210,440
208,439
207,439
205,438
204,438
202,439
200,440
199,441
197,442
195,444
194,446
192,449
191,451
189,455
187,458
186,462
184,466
183,471
181,476
180,481
178,486
176,492
175,498
173,506
172,512
170,520
169,528
168,536
167,543
164,551
164,558
162,564
164,570
164,579
161,584
164,591
161,598
161,605
161,613
162,619
163,626
164,633
166,639
167,644
169,648
171,653
173,656
175,660
177,663
180,666
183,669
185,671
188,673
191,675
194,676
196,677
199,677
202,677
205,677
207,676
210,675
212,673
215,671
217,668
219,666
221,663
222,659
224,655
226,649
227,643
229,636
231,628
233,619
235,611
237,602
239,591
241,581
242,570
242,561
242,552
243,543
243,533
244,524
246,516
246,508
247,500
248,493
250,486
251,479
252,473
253,466
254,461
256,456
257,450
258,446
259,442
261,438
262,434
263,431
264,430
264,427
266,424
267,422
268,421
269,420
270,419
272,419
273,419
274,419
275,420
276,421
278,422
279,424
280,426
281,428
283,430
284,434
285,437
288,441
288,445
290,450
290,455
292,460
293,465
295,471
296,477
297,483
298,490
300,497
301,505
303,513
304,521
305,529
306,538
307,547
309,557
309,566
310,574
313,582
314,590
315,597
316,604
316,611
316,618
317,625
318,633
318,639
318,645
318,651
318,655
318,660
317,664
316,668
316,671
315,674
313,676
312,679
311,680
309,681
308,682
306,682
304,681
301,681
299,680
297,678
295,676
293,674
290,671
288,668
286,664
283,659
281,653
278,647
276,640
271,632
269,622
266,614
262,607
261,598
259,587
259,577
258,566
257,555
253,548
251,541
249,534
247,527
245,520
243,513
241,507
240,501
238,495
236,490
234,484
233,480
231,475
230,471
228,467
226,464
225,461
223,458
222,456
220,454
218,452
217,450
215,449
214,449
213,448
211,448
210,448
208,449
207,450
205,451
204,453
202,454
201,457
200,459
198,462
197,465
195,469
193,472
192,477
191,482
189,487
188,492
187,498
186,505
184,512
183,518
181,525
180,532
179,540
177,548
176,556
175,564
173,570
171,576
171,582
170,589
169,594
168,601
167,606
167,613
167,619
167,626
168,631
169,637
170,641
171,646
172,650
173,655
174,658
176,663
178,666
179,669
181,672
183,674
185,676
187,677
190,679
193,679
195,679
198,679
201,678
204,678
206,677
209,676
211,674
213,672
216,670
218,667
220,665
222,661
223,656
225,652
226,646
228,639
229,632
231,624
233,616
235,606
238,596
238,585
239,575
239,566
239,557
240,547
242,539
243,530
243,521
245,513
246,506
247,498
248,491
250,485
251,478
252,472
253,467
254,461
255,456
256,451
258,447
259,443
260,439
261,436
263,433
264,430
266,429
267,427
267,426
269,424
270,423
272,423
273,423
274,423
275,423
277,424
278,426
279,427
281,429
282,431
284,434
285,438
287,441
288,445
290,449
291,454
292,459
294,463
295,469
297,475
299,482
300,488
301,495
303,502
305,510
306,519
307,526
309,534
311,543
312,551
314,560
316,569
318,577
318,586
318,594
318,601
318,609
318,616
318,623
319,631
319,637
319,645
318,650
318,656
317,662
316,666
315,671
313,673
312,677
310,679
309,681
307,682
305,682
304,683
302,683
300,682
297,681
295,680
293,678
291,677
288,674
286,672
284,668
281,664
279,659
276,655
274,648
271,640
268,632
266,623
263,614
260,604
257,593
255,582
255,571
255,562
254,552
252,544
250,535
248,526
247,519
246,511
244,504
243,497
241,490
239,483
238,477
237,471
236,465
234,460
233,456
232,451
230,447
229,443
228,439
227,436
226,433
225,430
224,428
223,426
221,424
221,423
220,422
219,422
218,421
217,421
216,422
215,422
214,423
214,424
213,426
211,428
210,430
209,433
208,436
207,440
206,444
205,447
204,452
203,457
202,463
201,468
200,474
199,480
198,487
197,494
196,502
195,511
194,519
194,528
192,536
191,545
190,554
189,563
189,572
191,578
191,584
191,589
191,595
190,602
191,609
189,615
190,622
189,628
189,634
189,640
189,645
190,650
190,655
190,659
191,663
192,665
192,668
193,671
194,673
194,674
196,676
197,677
198,679
200,679
201,679
203,679
205,679
206,679
208,678
210,677
211,675
213,674
215,672
217,669
218,666
220,663
221,659
223,655
224,650
225,644
226,637
228,629
229,621
232,612
234,602
236,591
238,581
239,571
239,562
239,552
241,543
243,534
244,525
245,517
247,509
249,501
250,494
252,487
253,480
255,474
256,468
258,463
260,458
261,453
263,448
264,444
266,440
267,437
269,434
270,431
272,429
274,427
276,425
276,423
279,422
280,422
282,422
283,422
284,422
286,423
288,424
290,426
291,427
293,429
295,432
296,436
298,439
300,442
301,446
303,450
305,455
306,459
308,465
310,471
312,477
314,483
315,490
316,496
318,505
319,513
322,521
324,530
326,538
327,547
329,556
331,565
333,576
335,585
337,593
339,602
341,610
340,617
340,625
340,632
339,641
339,647
339,653
337,658
337,662
336,666
334,670
333,673
331,676
329,678
327,680
325,682
323,684
321,686
318,686
316,687
313,687
311,686
308,686
305,684
303,683
300,681
298,678
295,676
293,673
290,670
287,665
284,660
282,655
279,648
276,641
273,633
270,625
266,615
265,605
262,595
260,584
259,573
258,563
256,553
254,544
252,537
250,528
248,519
246,512
244,505
242,497
240,490
239,484
237,478
236,472
234,466
232,461
231,456
230,452
228,448
226,444
225,440
224,437
223,435
221,432
219,430
218,428
217,426
215,425
214,424
213,423
211,423
210,423
208,423
207,424
206,425
205,427
203,429
202,431
201,434
199,437
198,440
197,443
195,448
194,452
192,457
191,462
190,467
189,473
187,479
186,486
185,493
184,501
182,509
181,517
178,525
177,533
176,542
176,549
175,555
176,561
175,565
176,572
179,580
178,584
176,590
176,597
176,604
176,611
176,617
177,623
178,630
179,635
180,641
181,647
182,651
184,655
186,659
187,662
188,665
190,668
192,671
194,673
195,675
198,676
200,677
202,678
204,678
207,678
209,677
211,676
213,675
216,673
218,671
220,669
222,666
224,662
226,659
227,654
228,648
230,643
231,636
234,628
236,618
238,610
240,600
242,589
242,579
244,570
244,560
244,552
244,542
245,533
247,524
248,516
249,508
250,501
252,494
253,487
254,480
256,474
257,468
259,463
260,458
261,453
263,449
263,445
265,441
267,438
268,435
269,431
270,429
271,428
273,425
274,424
275,423
277,422
278,422
280,422
281,423
282,424
284,425
285,426
287,428
288,430
290,433
292,436
294,439
295,443
296,447
297,451
299,456
301,461
302,466
304,472
306,479
307,485
308,492
310,500
311,507
313,515
315,522
316,530
317,540
319,548
321,557
323,567
324,576
326,585
326,592
327,601
326,608
327,616
327,623
328,629
327,636
327,642
325,649
325,654
323,659
322,664
321,668
319,671
318,674
316,677
314,679
313,680
310,682
308,682
305,682
303,681
300,681
298,679
296,677
293,675
291,672
289,670
286,666
284,662
281,658
279,653
277,648
274,641
272,633
268,626
265,617
263,606
260,596
258,587
256,576
255,566
254,555
253,546
251,537
249,528
247,520
245,511
244,504
242,496
240,490
239,483
238,476
236,470
234,465
233,459
232,454
230,450
229,445
227,442
226,437
225,434
224,431
223,429
222,426
221,424
219,422
219,421
217,421
216,419
215,419
214,419
213,419
212,420
211,421
209,422
209,423
208,425
206,427
205,430
204,432
203,436
202,439
201,444
200,448
199,453
198,457
197,463
196,468
195,474
194,481
193,487
193,487
192,494
191,502
189,511
188,519
188,527
187,536
186,543
187,552
186,557
187,563
189,569
186,572
187,580
186,586
185,593
184,599
183,605
183,612
183,619
183,624
183,630
184,634
184,639
186,644
186,649
187,653
189,656
190,660
191,663
192,665
194,668
195,669
197,671
199,672
202,673
204,673
206,673
209,673
211,673
213,672
215,670
218,669
220,667
222,664
224,662
226,659
228,655
230,651
231,645
233,640
235,634
237,627
238,619
241,610
243,602
247,592
249,582
249,572
250,563
251,554
250,545
250,537
252,528
252,520
254,512
255,504
256,497
257,490
258,484
259,478
261,472
262,467
264,462
265,457
266,453
267,448
268,445
270,441
271,438
272,436
273,434
274,431
276,430
277,429
279,428
280,427
281,427
283,428
284,428
286,429
287,430
288,431
290,433
291,436
293,439
294,441
295,445
297,448
298,452
300,457
301,461
302,466
304,472
306,478
307,483
309,490
310,496
312,504
313,511
314,519
316,526
318,535
319,543
321,552
322,561
324,570
326,579
329,589
330,597
330,604
331,611
331,619
330,626
329,632
328,639
327,645
327,650
326,655
325,660
324,663
322,667
321,669
320,672
318,675
317,677
315,678
313,679
311,680
308,681
306,681
303,681
301,680
299,679
296,678
294,677
291,675
288,673
286,670
284,668
281,664
278,660
275,655
273,651
270,645
268,637
266,629
264,619
261,611
257,601
254,592
252,581
250,572
249,563
249,554
247,546
245,538
243,531
241,524
239,517
237,509
235,503
233,497
231,491
230,486
228,480
226,476
225,471
223,467
221,463
220,460
219,456
217,453
215,451
213,449
213,447
211,446
209,445
208,444
207,443
205,443
204,443
202,444
201,445
200,446
198,448
196,450
195,452
194,455
192,458
191,461
189,465
188,469
187,473
185,479
184,483
183,489
181,495
180,501
178,509
178,515
176,523
175,531
173,539
172,546
171,555
169,563
169,573
167,581
165,589
163,593
163,599
162,605
161,612
161,618
161,624
161,631
162,636
162,642
163,646
164,650
165,654
166,657
168,660
170,663
172,666
174,668
176,670
178,671
180,673
182,674
185,675
187,676
190,676
192,676
195,676
198,675
201,675
203,674
206,673
208,672
211,670
213,668
215,666
217,663
219,660
221,658
222,653
224,649
226,642
228,636
229,629
230,621
232,614
235,605
238,597
238,587
241,578
239,568
240,559
240,551
239,542
240,533
241,525
242,517
243,509
244,501
245,495
246,488
247,482
248,476
249,470
250,465
251,460
252,455
253,451
254,447
255,444
257,440
258,437
259,435
260,432
261,431
262,430
264,429
264,428
265,428
267,428
268,428
269,429
270,429
271,431
273,433
274,435
275,438
276,440
277,443
280,449
280,453
281,456
283,461
284,466
285,472
287,477
288,483
289,489
291,496
292,503
293,511
295,518
296,526
298,535
300,544
302,554
303,563
305,572
305,582
307,590
308,597
308,604
308,611
308,617
308,625
308,631
309,637
309,643
309,648
310,653
310,658
309,662
309,665
309,668
308,671
308,673
307,674
306,675
305,676
304,676
302,676
300,676
299,675
296,674
295,673
293,671
291,670
288,668
287,665
285,663
283,660
281,656
278,652
276,646
273,640
271,633
269,626
266,616
263,608
262,597
258,588
256,578
256,569
254,560
253,550
251,542
249,534
247,526
244,518
244,511
242,504
240,498
238,491
237,486
236,480
234,475
232,470
230,465
229,461
228,457
226,454
225,450
224,447
222,445
221,443
220,441
219,439
217,438
216,437
215,436
214,436
213,436
211,437
210,438
209,439
207,440
207,442
205,445
204,447
203,450
202,453
201,457
199,461
198,465
197,469
196,475
195,480
194,486
193,492
192,498
191,505
190,513
188,520
187,528
187,536
185,545
184,554
184,563
183,573
182,583
182,591
180,598
180,605
180,611
180,617
180,622
179,628
179,633
179,639
179,645
180,649
180,655
181,660
182,664
183,668
184,671
185,674
186,676
188,678
189,680
191,681
193,681
195,682
197,683
199,683
201,682
204,682
206,682
208,681
210,680
212,678
214,676
216,675
218,672
221,670
222,666
223,663
225,659
227,654
228,649
229,642
230,635
232,627
235,618
238,609
241,600
242,591
244,580
245,571
244,562
244,554
244,545
245,537
247,529
247,521
249,514
250,506
251,499
252,493
254,486
255,480
256,475
258,470
259,465
261,461
262,457
262,452
264,449
265,446
267,443
268,441
269,439
270,437
272,436
273,435
274,435
276,435
277,434
278,435
280,436
281,437
282,439
284,440
285,443
287,445
288,449
289,452
291,456
293,460
294,465
296,470
297,475
299,481
300,486
302,493
303,500
305,507
307,515
308,522
310,530
312,539
313,547
315,557
317,566
319,575
320,584
323,594
326,604
326,611
324,617
322,623
322,630
321,637
321,644
322,650
322,657
321,662
320,666
319,670
319,673
317,676
316,678
314,680
313,681
312,682
310,683
308,683
306,683
304,682
302,682
300,681
297,679
296,677
294,675
292,673
289,671
287,668
285,664
283,659
280,654
278,648
276,642
274,634
271,626
268,616
266,607
263,596
261,586
260,576
260,567
258,557
257,548
254,539
252,531
251,523
249,515
247,507
245,500
244,493
242,487
241,481
239,476
238,470
236,466
234,461
233,457
232,452
231,448
229,445
228,443
227,440
225,438
225,436
223,435
222,434
221,433
219,432
218,432
217,432
216,433
215,434
214,435
213,436
211,438
210,440
210,443
208,446
207,450
206,453
205,457
204,462
203,466
202,471
201,476
200,482
199,488
198,494
197,501
196,508
196,516
195,524
194,532
193,541
191,549
190,558
190,566
189,574
190,582
189,588
190,595
188,601
187,607
186,614
185,621
184,628
184,635
183,640
184,646
184,651
185,655
186,658
187,663
189,666
189,669
190,672
191,674
193,676
194,677
195,678
197,679
199,680
201,680
203,680
205,680
207,679
209,678
211,677
213,675
216,673
217,671
219,669
221,666
223,662
225,658
226,652
228,647
230,640
230,634
234,625
237,617
240,608
242,599
243,589
242,577
244,568
242,559
243,550
244,541
245,532
246,524
247,515
249,507
250,500
251,493
252,486
254,479
255,473
257,467
258,462
259,457
261,452
262,447
263,443
265,439
266,436
267,433
269,431
270,429
271,426
273,425
275,423
276,423
277,422
279,422
280,423
282,423
283,424
285,425
286,427
288,429
289,430
291,434
294,437
296,440
297,445
298,449
299,453
301,458
302,464
304,469
306,475
308,481
309,488
311,495
313,503
314,511
316,519
318,528
320,537
321,545
322,556
324,565
325,574
327,584
330,595
333,604
333,612
332,620
332,627
331,635
331,642
331,648
331,653
331,659
330,664
329,668
328,671
327,674
325,677
324,679
322,681
320,683
318,684
316,685
314,685
312,685
309,685
307,685
304,684
301,683
299,681
296,679
293,677
290,673
287,670
285,666
282,661
279,655
277,648
273,641
271,633
268,623
266,613
263,603
260,592
259,581
258,571
257,562
255,552
252,543
250,534
249,525
247,517
245,509
243,502
241,495
239,488
237,482
235,476
234,471
232,465
231,460
229,456
228,451
226,447
225,444
223,440
222,437
220,435
219,433
218,431
216,429
215,427
214,427
213,426
211,426
210,426
209,427
207,427
206,429
204,430
203,432
202,434
201,436
200,440
198,443
197,447
196,451
195,455
193,460
193,464
191,470
190,476
188,482
187,489
186,495
185,504
183,511
183,519
181,528
179,536
178,545
177,554
176,565
176,574
176,582
175,588
175,596
175,603
174,610
173,617
172,624
172,631
172,638
172,644
172,649
173,654
174,659
175,663
176,667
177,670
178,674
180,676
181,679
183,681
185,683
186,685
188,686
190,686
192,687
195,687
197,686
199,686
201,685
204,684
205,682
207,680
209,678
211,676
213,673
215,670
216,665
218,661
220,655
221,649
222,642
225,634
226,625
230,618
231,608
231,597
233,586
235,576
235,567
236,558
236,549
239,539
240,531
242,522
243,514
244,506
246,499
247,492
248,485
250,479
252,473
253,467
254,462
256,457
257,452
259,447
260,443
261,440
263,437
265,434
266,431
268,430
270,429
272,428
273,427
275,426
276,425
278,425
280,426
281,427
283,428
284,429
286,431
288,433
290,436
292,439
293,443
295,447
297,450
299,455
300,459
302,465
304,471
306,477
307,483
309,489
311,496
313,504
314,512
316,520
318,528
320,536
322,545
324,555
326,565
327,575
328,585
332,596
333,605
334,613
335,619
335,627
334,635
333,642
332,648
331,654
330,660
330,664
329,668
328,672
327,675
326,677
324,679
323,681
321,682
319,683
317,683
315,684
312,684
310,683
308,683
306,682
304,681
302,679
299,677
297,675
295,672
292,669
290,665
287,660
284,655
282,649
280,641
277,633
275,625
272,615
269,604
265,595
263,585
262,575
261,565
259,556
257,547
254,538
252,530
250,522
248,515
246,507
243,500
241,494
239,487
237,481
235,477
233,471
231,467
229,462
228,458
226,454
224,451
222,447
221,444
219,442
217,439
216,437
216,438
214,436
213,435
211,434
209,434
207,434
206,434
204,434
203,435
201,436
199,438
198,440
196,441
195,444
193,447
191,451
190,454
188,458
187,462
185,466
183,472
182,477
180,483
179,489
177,495
176,502
174,510
173,518
172,526
170,534
168,543
167,551
166,559
165,566
165,572
165,580
162,587
162,594
161,601
161,608
160,616
159,623
160,629
159,636
161,643
162,648
165,653
165,656
166,660
168,663
170,666
172,670
174,672
176,674
179,675
181,677
183,678
186,678
189,678
192,679
194,679
198,678
201,678
203,677
206,676
208,673
210,671
212,669
214,667
216,662
218,659
219,654
221,649
223,644
224,637
227,628
229,620
232,611
235,602
236,591
238,582
238,572
240,563
239,556
240,546
242,538
243,530
245,522
246,514
248,506
249,499
251,493
253,486
255,481
256,475
258,469
259,465
261,460
263,456
264,452
266,449
268,445
269,443
272,441
273,438
274,436
276,436
278,434
280,433
281,433
283,433
285,434
287,435
289,436
291,438
293,439
294,442
296,445
299,448
300,451
302,455
304,459
306,464
308,468
310,474
312,479
313,485
315,491
317,498
320,505
321,512
323,521
326,528
327,536
329,545
332,553
333,563
335,573
336,581
340,591
342,600
344,610
344,618
344,625
342,633
341,640
340,648
339,653
337,659
336,663
335,668
333,671
331,675
329,677
327,679
325,681
322,682
319,683
316,684
314,684
311,684
307,684
305,684
301,682
299,681
296,679
293,677
290,674
287,671
285,667
283,663
280,658
278,653
276,645
273,638
270,630
268,620
264,611
262,601
260,591
259,582
257,573
256,564
254,555
252,547
250,539
248,531
246,524
244,517
242,510
240,504
238,498
236,492
235,487
233,482
231,478
229,473
227,470
226,466
224,463
223,460
221,458
220,456
219,454
217,452
215,452
214,451
212,450
211,450
210,450
208,451
206,452
205,453
203,455
202,457
200,459
199,462
198,465
196,469
195,473
193,477
192,481
191,486
189,491
188,496
187,502
185,509
184,516
183,522
182,530
180,536
179,545
178,553
177,561
176,570
175,579
176,586
173,594
173,601
172,607
173,614
169,620
167,625
168,633
167,639
167,645
167,650
167,655
169,659
169,663
171,666
173,669
174,671
175,674
178,675
180,677
183,678
185,680
187,680
190,681
193,681
195,681
198,680
201,679
204,678
206,677
209,676
211,674
214,672
215,669
217,666
219,663
222,660
224,654
226,648
227,642
228,634
231,626
234,617
237,609
241,601
242,592
243,581
244,571
244,563
245,554
247,544
247,535
249,527
250,519
252,512
254,504
255,498
257,492
258,485
260,479
262,474
263,469
265,464
266,460
268,456
269,452
271,449
272,446
274,444
275,441
277,439
279,438
280,436
281,435
283,435
284,435
286,436
288,436
290,437
291,438
293,440
295,442
296,444
298,447
300,450
302,454
303,457
305,461
306,466
308,470
310,475
311,480
312,486
314,492
316,499
317,506
319,513
320,520
322,528
324,535
325,544
327,552
328,561
329,570
331,580
332,591
334,601
337,610
339,617
340,624
339,630
339,636
338,642
338,648
337,654
337,659
336,664
335,668
334,672
333,675
331,677
329,678
326,680
324,680
321,681
319,681
316,682
313,682
310,681
307,680
303,678
301,677
298,674
295,672
292,669
290,665
287,660
285,654
282,647
278,641
278,631
273,624
270,615
267,604
265,595
264,586
261,574
260,565
260,556
256,547
254,539
252,531
250,524
248,517
246,510
244,503
243,497
241,492
239,486
238,481
236,476
234,472
233,468
231,464
229,460
228,457
226,454
224,452
223,449
221,447
220,446
219,444
217,444
216,443
214,443
213,443
211,443
210,444
208,445
206,446
205,448
203,450
202,452
201,455
199,458
198,461
196,464
195,469
193,473
192,477
190,482
189,487
187,493
187,499
185,505
184,513
182,519
181,527
180,533
178,541
177,548
177,556
177,563
176,569
176,574
175,579
174,587
173,593
173,600
172,606
172,613
172,620
173,626
173,632
174,637
175,642
178,646
179,650
180,653
182,656
183,659
185,663
187,665
189,668
191,670
194,672
197,673
199,673
201,674
204,674
207,674
208,673
211,672
213,671
216,669
219,666
221,664
223,661
225,658
227,653
228,648
229,643
231,637
233,630
236,623
239,614
238,606
241,598
244,587
245,577
247,568
245,559
246,549
246,541
246,532
246,523
247,516
248,508
249,500
250,492
251,485
252,479
253,473
254,467
255,461
256,456
257,451
258,446
259,442
260,439
261,435
261,433
263,430
264,428
265,426
266,424
267,423
267,422
269,421
270,421
271,421
273,422
273,422
275,423
276,425
277,426
278,428
279,431
281,433
282,437
283,440
284,445
286,449
287,454
289,459
290,464
291,469
292,475
294,481
294,488
296,494
297,502
298,509
299,517
300,525
302,533
305,542
306,550
307,561
309,569
310,578
310,585
310,593
311,601
311,608
313,615
314,621
314,627
316,634
315,640
315,646
316,651
315,656
314,660
314,665
314,669
313,672
312,674
311,677
310,678
308,679
307,680
305,680
304,680
302,679
300,678
298,677
296,675
294,673
292,670
290,667
288,662
286,657
284,652
280,644
278,637
275,628
273,619
270,610
266,600
265,590
265,581
263,573
262,564
261,555
258,547
256,540
254,533
253,525
251,519
249,512
247,506
246,500
245,495
243,490
242,485
240,481
239,476
237,472
236,469
234,465
233,463
232,460
230,457
229,456
228,454
226,453
225,451
224,451
222,451
221,450
220,451
218,451
217,452
216,453
214,455
213,458
212,460
210,462
209,465
208,468
206,472
205,476
203,481
202,485
201,491
200,496
199,502
197,508
195,515
194,521
194,529
192,536
190,545
189,553
188,561
187,571
189,578
186,584
185,590
185,595
184,601
184,608
181,616
182,622
181,629
182,636
182,642
182,647
183,653
183,657
183,662
184,666
185,669
187,672
188,674
190,676
191,678
193,681
195,682
197,684
199,685
202,686
204,686
208,686
210,686
213,686
215,686
218,685
220,684
223,682
225,681
228,679
230,677
232,673
235,670
237,666
239,662
242,657
244,650
246,643
248,636
250,628
252,618
255,609
258,599
260,588
259,577
260,568
261,560
262,550
261,540
262,532
262,524
265,516
265,508
266,501
267,494
268,488
269,481
270,476
271,470
273,465
273,461
275,456
276,452
277,448
278,445
279,442
280,439
281,437
282,435
284,434
284,432
285,431
286,431
287,431
288,431
289,431
291,432
292,433
293,434
295,437
296,439
296,441
298,444
299,447
300,451
301,455
302,459
303,463
304,468
306,473
307,478
308,484
309,490
310,497
311,503
313,510
313,518
315,526
316,533
317,541
318,550
319,559
321,567
322,577
323,587
324,598
324,607
327,617
328,624
330,630
333,636
334,642
332,650
332,657
331,662
330,666
329,670
328,672
327,674
325,676
324,678
322,678
320,679
318,680
316,680
314,680
311,679
309,678
307,678
304,676
302,674
299,673
297,670
294,668
291,666
288,662
286,658
283,654
281,648
279,643
275,635
273,628
271,619
269,608
264,600
263,589
260,579
259,569
258,560
256,551
255,541
253,533
251,525
249,517
247,509
246,502
244,495
243,488
241,482
239,476
238,470
237,465
235,460
233,455
232,450
